Id,preco
0,1142762.81
1,972812.50
2,451399.80
3,685541.58
4,451399.80
5,801176.47
6,848692.31
7,451399.80
8,961522.03
9,405000.70
10,410019.76
11,451399.80
12,784615.38
13,1095000.00
14,689215.83
15,429476.77
16,854846.15
17,801176.47
18,430425.16
19,410019.76
20,430425.16
21,1142762.81
22,429476.77
23,430425.16
24,1142762.81
25,493984.92
26,613242.87
27,857666.67
28,430425.16
29,1179412.82
30,447973.73
31,447010.98
32,961522.03
33,801176.47
34,783869.86
35,914932.69
36,972812.50
37,424935.48
38,451399.80
39,1129221.39
40,451399.80
41,613242.87
42,603612.52
43,429476.77
44,1098111.22
45,451399.80
46,961522.03
47,783869.86
48,991875.00
49,1084470.59
50,452283.51
51,461092.46
52,452283.51
53,880368.72
54,937294.12
55,386608.21
56,1142762.81
57,780630.17
58,451399.80
59,403734.38
60,961522.03
61,461092.46
62,453400.49
63,395327.86
64,429707.14
65,807000.00
66,429476.77
67,603612.52
68,1160000.00
69,1129221.39
70,451399.80
71,991151.51
72,447973.73
73,453400.49
74,852000.00
75,451399.80
76,451399.80
77,1179412.82
78,775844.83
79,451399.80
80,451399.80
81,991151.51
82,451399.80
83,1179412.82
84,395327.86
85,404623.61
86,451399.80
87,430425.16
88,429476.77
89,452283.51
90,682871.79
91,451399.80
92,603612.52
93,1095000.00
94,451399.80
95,430425.16
96,395327.86
97,451399.80
98,447973.73
99,451399.80
100,880368.72
101,1098111.22
102,998901.96
103,1129221.39
104,1391666.67
105,463155.27
106,1047479.45
107,1368929.82
108,1129221.39
109,424935.48
110,968340.39
111,451399.80
112,447010.98
113,429707.14
114,429476.77
115,415353.67
116,998901.96
117,429476.77
118,395327.86
119,1175625.00
120,430425.16
121,693088.24
122,1384362.41
123,429476.77
124,430425.16
125,783869.86
126,451399.80
127,547286.20
128,685541.58
129,857666.67
130,848692.31
131,461092.46
132,783869.86
133,447973.73
134,451399.80
135,429476.77
136,1134713.01
137,453400.49
138,454101.86
139,451399.80
140,783869.86
141,405000.70
142,470244.75
143,423485.56
144,425649.30
145,447973.73
146,1142762.81
147,1033273.15
148,456420.00
149,1170677.02
150,423893.98
151,447973.73
152,1506000.00
153,731328.12
154,430425.16
155,429476.77
156,603612.52
157,1100891.86
158,1142762.81
159,405000.70
160,783869.86
161,452283.51
162,801176.47
163,819756.10
164,451399.80
165,1179412.82
166,1033273.15
167,410019.76
168,451399.80
169,656584.59
170,451399.80
171,430425.16
172,430425.16
173,429476.77
174,778000.00
175,429707.14
176,1134713.01
177,991151.51
178,454101.86
179,968340.39
180,1800000.00
181,429707.14
182,574082.76
183,603612.52
184,430425.16
185,1047479.45
186,423893.98
187,430425.16
188,493984.92
189,423893.98
190,452283.51
191,447973.73
192,708255.81
193,451399.80
194,547286.20
195,613242.87
196,1098111.22
197,854846.15
198,451399.80
199,801176.47
200,972812.50
201,1098111.22
202,1179412.82
203,2085714.29
204,451399.80
205,447973.73
206,683333.33
207,451399.80
208,425649.30
209,451399.80
210,1847190.29
211,429476.77
212,405000.70
213,693088.24
214,451399.80
215,410019.76
216,430425.16
217,852000.00
218,880368.72
219,451399.80
220,454101.86
221,423485.56
222,632222.22
223,775844.83
224,453400.49
225,447973.73
226,430425.16
227,425649.30
228,447973.73
229,1047479.45
230,430425.16
231,1098111.22
232,454101.86
233,451399.80
234,453400.49
235,429476.77
236,447973.73
237,401795.03
238,1134713.01
239,447973.73
240,1179412.82
241,603612.52
242,461092.46
243,447973.73
244,447973.73
245,451399.80
246,425649.30
247,452283.51
248,683333.33
249,2085714.29
250,451399.80
251,447010.98
252,430425.16
253,1098111.22
254,430425.16
255,451399.80
256,452283.51
257,447973.73
258,1179412.82
259,470244.75
260,424935.48
261,840000.00
262,972812.50
263,452283.51
264,1463333.33
265,410019.76
266,1142762.81
267,430425.16
268,857666.67
269,603612.52
270,451399.80
271,430425.16
272,447973.73
273,1129221.39
274,451399.80
275,451399.80
276,447973.73
277,429476.77
278,430425.16
279,429707.14
280,429476.77
281,447973.73
282,451399.80
283,801176.47
284,451399.80
285,603612.52
286,701136.36
287,451399.80
288,972812.50
289,430425.16
290,429476.77
291,1033273.15
292,454101.86
293,454101.86
294,447973.73
295,451399.80
296,447973.73
297,451399.80
298,403734.38
299,451399.80
300,419428.57
301,451399.80
302,1100891.86
303,783869.86
304,429476.77
305,423485.56
306,452283.51
307,549725.71
308,616139.94
309,429476.77
310,451399.80
311,1524067.80
312,451399.80
313,429476.77
314,451399.80
315,549725.71
316,430425.16
317,547286.20
318,429476.77
319,429707.14
320,937294.12
321,430425.16
322,430425.16
323,972812.50
324,430425.16
325,429476.77
326,447973.73
327,848692.31
328,451399.80
329,430425.16
330,1560000.00
331,430425.16
332,447973.73
333,972812.50
334,613242.87
335,430425.16
336,429476.77
337,1614285.71
338,848692.31
339,461092.46
340,454101.86
341,1129221.39
342,403734.38
343,951640.35
344,451399.80
345,968340.39
346,453400.49
347,819756.10
348,961522.03
349,452283.51
350,857666.67
351,524992.65
352,1142762.81
353,451399.80
354,857666.67
355,430425.16
356,430425.16
357,451399.80
358,423485.56
359,1142762.81
360,451399.80
361,403734.38
362,479845.03
363,451399.80
364,451399.80
365,425649.30
366,392911.58
367,693250.00
368,430425.16
369,425649.30
370,451399.80
371,603612.52
372,968340.39
373,819756.10
374,461092.46
375,452283.51
376,603612.52
377,613242.87
378,1047479.45
379,603612.52
380,395327.86
381,395327.86
382,429476.77
383,429476.77
384,430425.16
385,451399.80
386,784615.38
387,392911.58
388,1488095.24
389,451399.80
390,451399.80
391,461092.46
392,451399.80
393,430425.16
394,603612.52
395,425649.30
396,451399.80
397,430425.16
398,1142762.81
399,451399.80
400,1847190.29
401,1847190.29
402,451399.80
403,447973.73
404,430425.16
405,451399.80
406,636453.30
407,580000.00
408,1033273.15
409,454101.86
410,1175625.00
411,1384362.41
412,451399.80
413,819756.10
414,451399.80
415,991151.51
416,423893.98
417,1047479.45
418,1179412.82
419,783869.86
420,463155.27
421,547286.20
422,429476.77
423,454101.86
424,430425.16
425,451399.80
426,451399.80
427,470244.75
428,452283.51
429,447973.73
430,447010.98
431,603612.52
432,1310214.29
433,406035.02
434,452283.51
435,447010.98
436,424935.48
437,451399.80
438,454101.86
439,848692.31
440,451399.80
441,447973.73
442,451399.80
443,435500.00
444,447973.73
445,685541.58
446,447973.73
447,783869.86
448,1098111.22
449,783869.86
450,429476.77
451,415353.67
452,430425.16
453,1033273.15
454,447973.73
455,425649.30
456,991151.51
457,1098111.22
458,801176.47
459,447973.73
460,1847190.29
461,429476.77
462,1142762.81
463,423893.98
464,424935.48
465,1175625.00
466,447973.73
467,429476.77
468,405000.70
469,404716.00
470,685541.58
471,857666.67
472,968340.39
473,1800000.00
474,451399.80
475,693088.24
476,447973.73
477,404716.00
478,453400.49
479,708255.81
480,447973.73
481,447010.98
482,430425.16
483,358166.07
484,404716.00
485,447973.73
486,447973.73
487,848692.31
488,447973.73
489,447010.98
490,430425.16
491,1368929.82
492,447010.98
493,451399.80
494,1560000.00
495,451399.80
496,405000.70
497,807000.00
498,447973.73
499,447010.98
500,429476.77
501,1175625.00
502,404623.61
503,451399.80
504,1170677.02
505,430425.16
506,425649.30
507,1179412.82
508,454101.86
509,447010.98
510,447973.73
511,1179412.82
512,423893.98
513,410019.76
514,451399.80
515,536450.00
516,1129221.39
517,423485.56
518,425649.30
519,461092.46
520,430425.16
521,685541.58
522,429476.77
523,968340.39
524,1100891.86
525,1160000.00
526,1847190.29
527,1142762.81
528,1506000.00
529,395327.86
530,1488095.24
531,801176.47
532,401795.03
533,406035.02
534,430425.16
535,430425.16
536,451399.80
537,447010.98
538,452283.51
539,914932.69
540,429707.14
541,386608.21
542,1134713.01
543,574082.76
544,447973.73
545,429476.77
546,1179412.82
547,451399.80
548,430425.16
549,452283.51
550,451399.80
551,1847190.29
552,540018.28
553,404623.61
554,613242.87
555,451399.80
556,783869.86
557,937294.12
558,451399.80
559,451399.80
560,1047479.45
561,452283.51
562,454101.86
563,951640.35
564,423485.56
565,547286.20
566,451399.80
567,424935.48
568,429476.77
569,451399.80
570,415353.67
571,1179412.82
572,447973.73
573,778000.00
574,801176.47
575,447973.73
576,453400.49
577,464444.44
578,682871.79
579,451399.80
580,430425.16
581,451399.80
582,423485.56
583,1134713.01
584,693088.24
585,451399.80
586,452283.51
587,424935.48
588,683333.33
589,627448.98
590,451399.80
591,447973.73
592,425649.30
593,395327.86
594,998901.96
595,386608.21
596,430425.16
597,451399.80
598,1047479.45
599,603612.52
600,430425.16
601,1129221.39
602,429476.77
603,616139.94
604,451399.80
605,775844.83
606,1390089.73
607,1506000.00
608,991875.00
609,1100891.86
610,991151.51
611,2085714.29
612,451399.80
613,395327.86
614,1384362.41
615,430425.16
616,457258.74
617,961522.03
618,447010.98
619,1129221.39
620,1129221.39
621,452283.51
622,430425.16
623,386608.21
624,386608.21
625,382120.97
626,451399.80
627,429476.77
628,783869.86
629,429476.77
630,423893.98
631,685541.58
632,451399.80
633,819756.10
634,783869.86
635,395327.86
636,453400.49
637,452283.51
638,453400.49
639,405000.70
640,854846.15
641,848692.31
642,1100891.86
643,451399.80
644,848692.31
645,451399.80
646,447973.73
647,429476.77
648,451399.80
649,404716.00
650,451399.80
651,429707.14
652,451399.80
653,632222.22
654,430425.16
655,447973.73
656,848692.31
657,451399.80
658,603612.52
659,801176.47
660,603612.52
661,447973.73
662,454101.86
663,451399.80
664,1047479.45
665,521401.41
666,1047479.45
667,807000.00
668,423893.98
669,857666.67
670,454101.86
671,447973.73
672,447010.98
673,430425.16
674,1142762.81
675,395327.86
676,395327.86
677,430425.16
678,1239563.99
679,454101.86
680,430425.16
681,819756.10
682,454101.86
683,429476.77
684,405000.70
685,430425.16
686,429707.14
687,451399.80
688,451399.80
689,423485.56
690,423893.98
691,1142762.81
692,429707.14
693,452283.51
694,1179412.82
695,1098111.22
696,429476.77
697,1368929.82
698,430425.16
699,447010.98
700,451399.80
701,451399.80
702,447973.73
703,429476.77
704,1488095.24
705,454101.86
706,972812.50
707,452283.51
708,1506000.00
709,447973.73
710,451399.80
711,429476.77
712,395327.86
713,451399.80
714,961522.03
715,685541.58
716,405000.70
717,415353.67
718,1506000.00
719,410019.76
720,854846.15
721,627448.98
722,801176.47
723,797777.78
724,549725.71
725,429476.77
726,447010.98
727,693088.24
728,452283.51
729,451399.80
730,603612.52
731,452283.51
732,430425.16
733,451399.80
734,451399.80
735,447010.98
736,615089.04
737,807000.00
738,807000.00
739,627448.98
740,423485.56
741,852000.00
742,425649.30
743,452283.51
744,451399.80
745,405000.70
746,447010.98
747,403734.38
748,395327.86
749,627448.98
750,452283.51
751,415353.67
752,991151.51
753,1134713.01
754,395327.86
755,613242.87
756,430425.16
757,451399.80
758,1047479.45
759,1160000.00
760,447973.73
761,447973.73
762,451399.80
763,451399.80
764,1488095.24
765,430425.16
766,395327.86
767,430425.16
768,425649.30
769,854846.15
770,451399.80
771,454101.86
772,854846.15
773,451399.80
774,1134713.01
775,430425.16
776,447010.98
777,405000.70
778,451399.80
779,451399.80
780,451399.80
781,447973.73
782,1488095.24
783,447973.73
784,1847190.29
785,1100891.86
786,807000.00
787,430425.16
788,1175625.00
789,454101.86
790,1100891.86
791,454101.86
792,451399.80
793,1098111.22
794,461092.46
795,451399.80
796,972812.50
797,708255.81
798,1129221.39
799,447973.73
800,1129221.39
801,1487419.35
802,451399.80
803,451399.80
804,613242.87
805,423893.98
806,613242.87
807,451399.80
808,451399.80
809,410019.76
810,848692.31
811,682871.79
812,452283.51
813,801176.47
814,461092.46
815,627448.98
816,430425.16
817,453400.49
818,775844.83
819,854846.15
820,1142762.81
821,2167992.74
822,406035.02
823,410019.76
824,682871.79
825,430425.16
826,1100891.86
827,452283.51
828,429476.77
829,961522.03
830,451399.80
831,454101.86
832,447010.98
833,1129221.39
834,1391666.67
835,452283.51
836,430425.16
837,447973.73
838,1098111.22
839,423893.98
840,410019.76
841,451399.80
842,454101.86
843,2085714.29
844,430425.16
845,1847190.29
846,453400.49
847,880368.72
848,454101.86
849,451399.80
850,447010.98
851,410019.76
852,784615.38
853,451399.80
854,1134713.01
855,447973.73
856,452283.51
857,807000.00
858,819756.10
859,429476.77
860,405000.70
861,627448.98
862,392911.58
863,454101.86
864,1391666.67
865,991151.51
866,430425.16
867,819756.10
868,998901.96
869,603612.52
870,395327.86
871,451399.80
872,430425.16
873,429476.77
874,392911.58
875,430425.16
876,454101.86
877,429476.77
878,447973.73
879,423893.98
880,452283.51
881,998901.96
882,451399.80
883,801176.47
884,452283.51
885,423893.98
886,613242.87
887,1142762.81
888,451399.80
889,429476.77
890,452283.51
891,852000.00
892,429476.77
893,451399.80
894,451399.80
895,447973.73
896,451399.80
897,1142762.81
898,425649.30
899,451399.80
900,447973.73
901,991875.00
902,1100891.86
903,2167992.74
904,404623.61
905,451399.80
906,1142762.81
907,451399.80
908,783869.86
909,425649.30
910,819756.10
911,447973.73
912,447973.73
913,451399.80
914,430425.16
915,447973.73
916,451399.80
917,451399.80
918,1095000.00
919,1175625.00
920,403734.38
921,451399.80
922,447973.73
923,854846.15
924,429476.77
925,1142762.81
926,708255.81
927,429476.77
928,429476.77
929,1175625.00
930,1129221.39
931,429476.77
932,1134713.01
933,603612.52
934,627448.98
935,783869.86
936,1098111.22
937,613242.87
938,461092.46
939,1179412.82
940,452283.51
941,1421750.00
942,447010.98
943,447973.73
944,807000.00
945,1847190.29
946,1129221.39
947,401795.03
948,461092.46
949,1047479.45
950,454101.86
951,547286.20
952,395327.86
953,854846.15
954,451399.80
955,1129221.39
956,685541.58
957,430425.16
958,568777.51
959,430425.16
960,429476.77
961,429476.77
962,429476.77
963,430425.16
964,1540000.00
965,447973.73
966,819756.10
967,1179412.82
968,1239563.99
969,773005.78
970,852000.00
971,423485.56
972,430425.16
973,423893.98
974,452283.51
975,447973.73
976,454101.86
977,991875.00
978,430425.16
979,425649.30
980,1847190.29
981,453400.49
982,447010.98
983,451399.80
984,1239563.99
985,451399.80
986,807000.00
987,430425.16
988,1170677.02
989,454101.86
990,429476.77
991,461092.46
992,547286.20
993,452283.51
994,1488095.24
995,1100891.86
996,991151.51
997,451399.80
998,451399.80
999,807000.00
1000,615089.04
1001,2167992.74
1002,1170677.02
1003,447010.98
1004,405000.70
1005,451399.80
1006,430425.16
1007,406035.02
1008,404716.00
1009,447010.98
1010,430425.16
1011,429476.77
1012,424935.48
1013,937294.12
1014,801176.47
1015,451399.80
1016,1047479.45
1017,452283.51
1018,991151.51
1019,429476.77
1020,783869.86
1021,425649.30
1022,2085714.29
1023,1100891.86
1024,857666.67
1025,454101.86
1026,430425.16
1027,447973.73
1028,451399.80
1029,1033273.15
1030,521401.41
1031,451399.80
1032,1098111.22
1033,801176.47
1034,683333.33
1035,447010.98
1036,784615.38
1037,447010.98
1038,1047479.45
1039,430425.16
1040,1506000.00
1041,603612.52
1042,447973.73
1043,451399.80
1044,451399.80
1045,775844.83
1046,451399.80
1047,451399.80
1048,405000.70
1049,429476.77
1050,454101.86
1051,1098111.22
1052,1179412.82
1053,682871.79
1054,430425.16
1055,547286.20
1056,451399.80
1057,613242.87
1058,430425.16
1059,454101.86
1060,479927.81
1061,451399.80
1062,1179412.82
1063,447973.73
1064,1098111.22
1065,425649.30
1066,423893.98
1067,467600.00
1068,1134713.01
1069,972812.50
1070,451399.80
1071,425649.30
1072,784615.38
1073,461092.46
1074,451399.80
1075,386608.21
1076,451399.80
1077,451399.80
1078,603612.52
1079,451399.80
1080,415353.67
1081,424935.48
1082,430425.16
1083,447973.73
1084,991151.51
1085,429476.77
1086,443200.00
1087,961522.03
1088,425649.30
1089,430425.16
1090,783869.86
1091,447973.73
1092,452283.51
1093,972812.50
1094,430425.16
1095,1179412.82
1096,780630.17
1097,403734.38
1098,452283.51
1099,452283.51
1100,451399.80
1101,403734.38
1102,1142762.81
1103,451399.80
1104,1129221.39
1105,425649.30
1106,429476.77
1107,1170677.02
1108,451399.80
1109,693088.24
1110,1160000.00
1111,452283.51
1112,857666.67
1113,574082.76
1114,1095000.00
1115,615089.04
1116,447973.73
1117,447973.73
1118,430425.16
1119,775844.83
1120,451399.80
1121,451399.80
1122,463155.27
1123,854846.15
1124,447973.73
1125,451399.80
1126,410019.76
1127,424935.48
1128,423893.98
1129,451399.80
1130,451399.80
1131,451399.80
1132,451399.80
1133,451399.80
1134,972812.50
1135,395327.86
1136,991151.51
1137,429476.77
1138,447973.73
1139,1142762.81
1140,451399.80
1141,403734.38
1142,685541.58
1143,461092.46
1144,998901.96
1145,2167992.74
1146,423893.98
1147,424935.48
1148,685541.58
1149,479845.03
1150,406035.02
1151,854846.15
1152,991151.51
1153,430425.16
1154,1129221.39
1155,447973.73
1156,454101.86
1157,1179412.82
1158,429476.77
1159,1179412.82
1160,451399.80
1161,430425.16
1162,1179412.82
1163,1175625.00
1164,452283.51
1165,1179412.82
1166,972812.50
1167,358166.07
1168,574082.76
1169,429476.77
1170,451399.80
1171,451399.80
1172,1169166.67
1173,410019.76
1174,961522.03
1175,1098111.22
1176,998901.96
1177,807000.00
1178,425649.30
1179,775844.83
1180,452283.51
1181,430425.16
1182,1142762.81
1183,451399.80
1184,425649.30
1185,461092.46
1186,424935.48
1187,854846.15
1188,1847190.29
1189,998901.96
1190,615089.04
1191,2085714.29
1192,1100891.86
1193,819756.10
1194,603612.52
1195,429476.77
1196,451399.80
1197,429707.14
1198,395327.86
1199,430425.16
1200,951640.35
1201,848692.31
1202,951640.35
1203,998901.96
1204,819756.10
1205,773005.78
1206,1033273.15
1207,423485.56
1208,447973.73
1209,452283.51
1210,430425.16
1211,1847190.29
1212,1033273.15
1213,447010.98
1214,425649.30
1215,686333.33
1216,685541.58
1217,603612.52
1218,395327.86
1219,430425.16
1220,430425.16
1221,807000.00
1222,452283.51
1223,451399.80
1224,406035.02
1225,386608.21
1226,1391666.67
1227,451399.80
1228,1134713.01
1229,430425.16
1230,461092.46
1231,451399.80
1232,693088.24
1233,603612.52
1234,1100891.86
1235,493984.92
1236,430425.16
1237,452283.51
1238,565124.56
1239,401795.03
1240,807000.00
1241,857666.67
1242,403734.38
1243,451399.80
1244,447973.73
1245,452283.51
1246,1071025.64
1247,1614285.71
1248,848692.31
1249,451399.80
1250,454101.86
1251,1134713.01
1252,991151.51
1253,1033273.15
1254,386608.21
1255,430425.16
1256,451399.80
1257,452283.51
1258,451399.80
1259,429476.77
1260,451399.80
1261,807000.00
1262,430425.16
1263,430425.16
1264,430425.16
1265,451399.80
1266,403734.38
1267,451399.80
1268,429707.14
1269,447010.98
1270,1047479.45
1271,1175625.00
1272,429707.14
1273,1033273.15
1274,524992.65
1275,447973.73
1276,1800000.00
1277,801176.47
1278,461092.46
1279,447010.98
1280,454101.86
1281,447973.73
1282,451399.80
1283,452283.51
1284,1033273.15
1285,429707.14
1286,613242.87
1287,848692.31
1288,451399.80
1289,1560000.00
1290,1047479.45
1291,801176.47
1292,429476.77
1293,451399.80
1294,773005.78
1295,613242.87
1296,807000.00
1297,951640.35
1298,430425.16
1299,453400.49
1300,451399.80
1301,452283.51
1302,429476.77
1303,1560000.00
1304,386608.21
1305,451399.80
1306,410019.76
1307,1170677.02
1308,410019.76
1309,430425.16
1310,961522.03
1311,991151.51
1312,453400.49
1313,429476.77
1314,447010.98
1315,1142762.81
1316,783869.86
1317,451399.80
1318,425649.30
1319,403734.38
1320,451399.80
1321,423893.98
1322,807000.00
1323,425649.30
1324,615089.04
1325,451399.80
1326,423485.56
1327,731328.12
1328,451399.80
1329,682871.79
1330,685541.58
1331,780630.17
1332,1179412.82
1333,430425.16
1334,451399.80
1335,1384362.41
1336,603612.52
1337,724585.59
1338,451399.80
1339,784615.38
1340,470244.75
1341,404623.61
1342,451399.80
1343,430425.16
1344,1129221.39
1345,1170677.02
1346,430425.16
1347,429476.77
1348,451399.80
1349,430425.16
1350,447010.98
1351,452283.51
1352,452283.51
1353,1560000.00
1354,780630.17
1355,1179412.82
1356,454101.86
1357,880368.72
1358,1160000.00
1359,447973.73
1360,403734.38
1361,1506000.00
1362,775844.83
1363,1142762.81
1364,451399.80
1365,447010.98
1366,404623.61
1367,998901.96
1368,404623.61
1369,447010.98
1370,447973.73
1371,451399.80
1372,613242.87
1373,807000.00
1374,501117.65
1375,1179412.82
1376,1129221.39
1377,461092.46
1378,613242.87
1379,425649.30
1380,613242.87
1381,425649.30
1382,1175625.00
1383,1142762.81
1384,451399.80
1385,451399.80
1386,395327.86
1387,430425.16
1388,972812.50
1389,848692.31
1390,549725.71
1391,451399.80
1392,1100891.86
1393,453400.49
1394,685541.58
1395,405000.70
1396,451399.80
1397,451399.80
1398,475750.09
1399,616139.94
1400,451399.80
1401,1179412.82
1402,1134713.01
1403,693088.24
1404,410019.76
1405,819756.10
1406,452283.51
1407,430425.16
1408,1179412.82
1409,430425.16
1410,603612.52
1411,447973.73
1412,627448.98
1413,425649.30
1414,430425.16
1415,451399.80
1416,461092.46
1417,801176.47
1418,972812.50
1419,451399.80
1420,1847190.29
1421,801176.47
1422,951640.35
1423,452283.51
1424,603612.52
1425,430425.16
1426,1368929.82
1427,854846.15
1428,429476.77
1429,386608.21
1430,1487419.35
1431,451399.80
1432,613242.87
1433,447010.98
1434,685541.58
1435,784615.38
1436,1129221.39
1437,457258.74
1438,461092.46
1439,401795.03
1440,451399.80
1441,429476.77
1442,447973.73
1443,1142762.81
1444,807000.00
1445,1142762.81
1446,1175625.00
1447,683333.33
1448,451399.80
1449,775844.83
1450,457258.74
1451,616139.94
1452,451399.80
1453,429476.77
1454,392911.58
1455,424935.48
1456,797777.78
1457,451399.80
1458,784615.38
1459,470244.75
1460,430425.16
1461,425649.30
1462,1047479.45
1463,603612.52
1464,451399.80
1465,404716.00
1466,454101.86
1467,1142762.81
1468,430425.16
1469,424935.48
1470,1142762.81
1471,429476.77
1472,603612.52
1473,819756.10
1474,807000.00
1475,854846.15
1476,395327.86
1477,451399.80
1478,1239563.99
1479,1134713.01
1480,1129221.39
1481,429707.14
1482,451399.80
1483,410019.76
1484,451399.80
1485,451399.80
1486,424935.48
1487,430425.16
1488,447973.73
1489,807000.00
1490,470244.75
1491,410019.76
1492,2085714.29
1493,429476.77
1494,784615.38
1495,998901.96
1496,406035.02
1497,423485.56
1498,603612.52
1499,452283.51
1500,454101.86
1501,991151.51
1502,423485.56
1503,857666.67
1504,685541.58
1505,429707.14
1506,451399.80
1507,430425.16
1508,454101.86
1509,603612.52
1510,2167992.74
1511,395327.86
1512,1047479.45
1513,479927.81
1514,454101.86
1515,429476.77
1516,451399.80
1517,848692.31
1518,423485.56
1519,1098111.22
1520,451399.80
1521,451399.80
1522,524992.65
1523,430425.16
1524,991151.51
1525,463155.27
1526,801176.47
1527,1129221.39
1528,429707.14
1529,454101.86
1530,429476.77
1531,454101.86
1532,451399.80
1533,784615.38
1534,1033273.15
1535,683333.33
1536,603612.52
1537,1033273.15
1538,801176.47
1539,403734.38
1540,461092.46
1541,423893.98
1542,429707.14
1543,603612.52
1544,801176.47
1545,452283.51
1546,773005.78
1547,807000.00
1548,521401.41
1549,447973.73
1550,386608.21
1551,998901.96
1552,405000.70
1553,451399.80
1554,1506000.00
1555,603612.52
1556,461092.46
1557,451399.80
1558,1134713.01
1559,451399.80
1560,451399.80
1561,401795.03
1562,961522.03
1563,406035.02
1564,1560000.00
1565,1179412.82
1566,1129221.39
1567,405000.70
1568,685541.58
1569,430425.16
1570,1142762.81
1571,807000.00
1572,1047479.45
1573,430425.16
1574,415353.67
1575,447973.73
1576,880368.72
1577,968340.39
1578,1847190.29
1579,452283.51
1580,783869.86
1581,1047479.45
1582,451399.80
1583,493984.92
1584,1098111.22
1585,447973.73
1586,632222.22
1587,968340.39
1588,454101.86
1589,880368.72
1590,405000.70
1591,447973.73
1592,547286.20
1593,447973.73
1594,801176.47
1595,613242.87
1596,1100891.86
1597,1175625.00
1598,1306555.56
1599,386608.21
1600,801176.47
1601,1084470.59
1602,857666.67
1603,430425.16
1604,1098111.22
1605,451399.80
1606,454101.86
1607,429476.77
1608,430425.16
1609,430425.16
1610,386608.21
1611,565124.56
1612,429707.14
1613,1390089.73
1614,1160000.00
1615,1129221.39
1616,430425.16
1617,437104.71
1618,1033273.15
1619,991875.00
1620,854846.15
1621,429476.77
1622,451399.80
1623,479845.03
1624,423485.56
1625,423893.98
1626,430425.16
1627,447010.98
1628,848692.31
1629,382120.97
1630,1134713.01
1631,210594345.17
1632,451399.80
1633,447973.73
1634,429476.77
1635,451399.80
1636,603612.52
1637,1047479.45
1638,801176.47
1639,783869.86
1640,451399.80
1641,1142762.81
1642,372066.37
1643,783869.86
1644,1179412.82
1645,452283.51
1646,1421750.00
1647,778000.00
1648,447010.98
1649,1179412.82
1650,603612.52
1651,451399.80
1652,819756.10
1653,454101.86
1654,773005.78
1655,1488095.24
1656,415353.67
1657,998901.96
1658,423485.56
1659,452283.51
1660,382120.97
1661,429476.77
1662,404716.00
1663,451399.80
1664,423893.98
1665,848692.31
1666,429476.77
1667,406035.02
1668,848692.31
1669,998901.96
1670,451399.80
1671,1142762.81
1672,410019.76
1673,451399.80
1674,454101.86
1675,852000.00
1676,424935.48
1677,423893.98
1678,430425.16
1679,784615.38
1680,430425.16
1681,430425.16
1682,1129221.39
1683,1100891.86
1684,447973.73
1685,451399.80
1686,1098111.22
1687,447973.73
1688,857666.67
1689,451399.80
1690,1421750.00
1691,801176.47
1692,880368.72
1693,429476.77
1694,1179412.82
1695,429476.77
1696,452283.51
1697,1179412.82
1698,1134713.01
1699,1614285.71
1700,580000.00
1701,1100891.86
1702,1142762.81
1703,613242.87
1704,415353.67
1705,453400.49
1706,447010.98
1707,937294.12
1708,454101.86
1709,461092.46
1710,1100891.86
1711,454101.86
1712,429476.77
1713,951640.35
1714,603612.52
1715,998901.96
1716,430425.16
1717,1098111.22
1718,429476.77
1719,429476.77
1720,880368.72
1721,447973.73
1722,549725.71
1723,1179412.82
1724,539270.70
1725,1391666.67
1726,775844.83
1727,447010.98
1728,430425.16
1729,1179412.82
1730,1142762.81
1731,430425.16
1732,429476.77
1733,395327.86
1734,447973.73
1735,447973.73
1736,429707.14
1737,784615.38
1738,423893.98
1739,961522.03
1740,1175625.00
1741,454101.86
1742,430425.16
1743,447973.73
1744,451399.80
1745,461092.46
1746,430425.16
1747,547286.20
1748,574082.76
1749,2167992.74
1750,1033273.15
1751,395327.86
1752,1033273.15
1753,425649.30
1754,451399.80
1755,451399.80
1756,682871.79
1757,447973.73
1758,819756.10
1759,613242.87
1760,430425.16
1761,429476.77
1762,1129221.39
1763,451399.80
1764,429476.77
1765,854846.15
1766,1033273.15
1767,1100891.86
1768,451399.80
1769,1560000.00
1770,937294.12
1771,1560000.00
1772,423893.98
1773,363526.69
1774,1129221.39
1775,1033273.15
1776,1047479.45
1777,424935.48
1778,685541.58
1779,1179412.82
1780,405000.70
1781,453400.49
1782,461092.46
1783,1488095.24
1784,430425.16
1785,447010.98
1786,1384362.41
1787,1047479.45
1788,451399.80
1789,425649.30
1790,454101.86
1791,451399.80
1792,1800000.00
1793,1487419.35
1794,636453.30
1795,447010.98
1796,775844.83
1797,447973.73
1798,447973.73
1799,447973.73
1800,451399.80
1801,854846.15
1802,429707.14
1803,961522.03
1804,537000.00
1805,395327.86
1806,429476.77
1807,784615.38
1808,951640.35
1809,451399.80
1810,603612.52
1811,547286.20
1812,410019.76
1813,452283.51
1814,429476.77
1815,1047479.45
1816,451399.80
1817,521401.41
1818,447973.73
1819,405000.70
1820,1129221.39
1821,972812.50
1822,1368929.82
1823,1098111.22
1824,1170677.02
1825,410019.76
1826,423485.56
1827,425649.30
1828,1847190.29
1829,406035.02
1830,998901.96
1831,461092.46
1832,451399.80
1833,429476.77
1834,452283.51
1835,410019.76
1836,430425.16
1837,447973.73
1838,453400.49
1839,452283.51
1840,493984.92
1841,773005.78
1842,451399.80
1843,392911.58
1844,404623.61
1845,359062.38
1846,1098111.22
1847,775844.83
1848,783869.86
1849,429476.77
1850,447973.73
1851,524992.65
1852,429707.14
1853,784615.38
1854,451399.80
1855,451399.80
1856,968340.39
1857,386608.21
1858,447973.73
1859,447010.98
1860,848692.31
1861,395327.86
1862,429476.77
1863,447010.98
1864,852000.00
1865,415353.67
1866,1847190.29
1867,1170677.02
1868,452283.51
1869,452283.51
1870,521401.41
1871,1129221.39
1872,1129221.39
1873,1047479.45
1874,429476.77
1875,430425.16
1876,451399.80
1877,447973.73
1878,801176.47
1879,682871.79
1880,461092.46
1881,1142762.81
1882,429476.77
1883,400206.90
1884,454101.86
1885,461092.46
1886,1179412.82
1887,1506000.00
1888,447973.73
1889,775844.83
1890,1179412.82
1891,937294.12
1892,451399.80
1893,451399.80
1894,452283.51
1895,429707.14
1896,1800000.00
1897,452283.51
1898,451399.80
1899,807000.00
1900,549725.71
1901,1847190.29
1902,991875.00
1903,404623.61
1904,1129221.39
1905,1800000.00
1906,708255.81
1907,783869.86
1908,451399.80
1909,773005.78
1910,454101.86
1911,685541.58
1912,451399.80
1913,423485.56
1914,429476.77
1915,429476.77
1916,454101.86
1917,454101.86
1918,447973.73
1919,819756.10
1920,961522.03
1921,430425.16
1922,451399.80
1923,429476.77
1924,447973.73
1925,392911.58
1926,451399.80
1927,430425.16
1928,430425.16
1929,880368.72
1930,1831250.00
1931,603612.52
1932,451399.80
1933,479845.03
1934,447973.73
1935,453400.49
1936,1179412.82
1937,801176.47
1938,404716.00
1939,1129221.39
1940,447973.73
1941,461092.46
1942,451399.80
1943,453400.49
1944,819756.10
1945,451399.80
1946,1095000.00
1947,429707.14
1948,429476.77
1949,405000.70
1950,430425.16
1951,410019.76
1952,447010.98
1953,451399.80
1954,1047479.45
1955,395327.86
1956,447973.73
1957,451399.80
1958,801176.47
1959,454101.86
1960,451399.80
1961,807000.00
1962,452283.51
1963,447973.73
1964,1142762.81
1965,708255.81
1966,424935.48
1967,404623.61
1968,447973.73
1969,1160000.00
1970,463155.27
1971,1047479.45
1972,1847190.29
1973,451399.80
1974,724585.59
1975,451399.80
1976,451399.80
1977,453400.49
1978,447973.73
1979,775844.83
1980,447973.73
1981,410019.76
1982,783869.86
1983,452283.51
1984,461092.46
1985,780630.17
1986,547286.20
1987,514857.14
1988,1390089.73
1989,1129221.39
1990,1047479.45
1991,1506000.00
1992,451399.80
1993,447973.73
1994,430425.16
1995,783869.86
1996,403734.38
1997,780630.17
1998,1179412.82
1999,429476.77
